1,Çilli
2,Kınalı
3,Sarıkız
4,Pamuk
5,Boncuk
6,Benekli
7,Paçalı
8,Bıdık
9,Fındık
10,Gıdak
11,Karabaş
12,Tombul
13,Çıtır
14,Minnoş
15,Sultan
16,Nazlı
17,Cici
18,Çipil
19,Kömür
20,Poyraz
21,Şirin
22,Lokum
23,Fıstık
24,Ceviz
25,Zilli
26,Cimcime
27,İbikli
28,Yumak
29,Çıtırcık
30,Altınkız
31,Gülibik
32,Horoz Ali
33,Narin
34,Boncuklu
35,Benek
36,Gıtgıt
37,Pıtır
38,Kıvırcık
39,Sarıkafa
40,Paşa
41,Zeytin
42,Mercimek
43,Susam
44,Tarçın
45,Badem
46,Şeker
47,Reçel
48,Bal
49,Kaymak
50,Süslü
51,Maya
52,Çörek
53,Kekik
54,Nane
55,Papatya
56,Menekşe
57,Lale
58,Gül
59,İnci
60,Dudu
61,Pekmez
62,Kayısı
63,Erik
64,Kiraz
65,Çilek
66,Şeftali
67,İncir
68,Üzüm
69,Dut
70,Nar
71,Limon
72,Ayva
73,Elma
74,Armut
75,Vişne
76,Kestane
77,Fırtına
78,Rüzgar
79,Şimşek
80,Duman
81,Barut
82,Cesur
83,Yaman
84,Dadaş
85,Reis
86,Yiğit
87,Çavuş
88,Kaptan
89,Efendi
90,Tosun
91,Pala
92,Bıyıklı
93,Gakguk
94,Tepeli
95,Beyaz İnci
96,Sütlaç
97,Kadayıf
98,Muhallebi
99,Börek
100,Poğaça
101,Simit
102,Ayran
103,Yoğurt
104,Sümbül
105,Kardelen
106,Yonca
107,Çimen
108,Yaprak
109,Petek
110,Ballı
111,Karamel
112,Gofret
113,Mantar
114,Zıpzıp
115,Pıtpıt
116,Topik
117,Fırfır
118,Çıtçıt
119,Tontiş
120,Ponçik
121,Mırnav
122,Gagalı
123,Sarıgaga
124,Tüylü
125,Tüybıyık
126,Akbacak
127,Karagöz
128,Sürmeli
129,Nazarlık
130,Ayşe
131,Fatma
132,Emine
133,Hatice
134,Zeynep
135,Elif
136,Meryem
137,Kezban
138,Döne
139,Fadime
140,Hanife
141,Şerife
142,Gülsüm
143,Dursune
144,Cennet
145,Döndü
146,Yadigar
147,Saliha
148,Müzeyyen
149,Naciye
150,Şaziye
151,Şadiye
152,Mualla
153,Münevver
154,Semiha
155,Bedriye
156,Remziye
157,Makbule
158,Hamide
159,Kadriye
160,Saadet
161,Pakize
162,Safiye
163,Hayriye
164,Nuriye
165,Şükriye
166,Sabriye
167,Fikriye
168,Lütfiye
169,Rukiye
170,Zekiye
171,Necmiye
172,Cemile
173,Vesile
174,Behiye
175,Şevkiye
176,Nazmiye
177,Münire
178,Refika
179,Mediha
180,Zahide
181,Habibe
182,Ümmühan
183,Hüsniye
184,Kerime
185,Nebahat
186,Sebahat
187,Melahat
188,Semahat
189,Meliha
190,Seniha
191,Fethiye
192,Nezahat
193,Feride
194,Neriman
195,Perihan
196,Nermin
197,Sevim
198,Sevgi
199,Gönül
200,Nurten
201,Ayten
202,Gülten
203,Birsen
204,Aysel
205,Türkan
206,Filiz
207,Hülya
208,Oya
209,Ayla
210,Selma
211,Semra
212,Serpil
213,Nilgün
214,Necla
215,Leyla
216,Jale
217,Hale
218,Jülide
219,Banu
220,Pınar
221,Berna
222,Burcu
223,Başak
224,Ezgi
225,Beste
226,Melis
227,İrem
228,Gizem
229,Sinem
230,Didem
231,Çiğdem
232,Özlem
233,Özge
234,Duygu
235,İlknur
236,Aynur
237,Şennur
238,Songül
239,Aygül
240,Birgül
241,Nurgül
242,Yurdagül
243,Ayşen
244,Gülşen
245,Nurşen
246,Sevcan
247,Nurcan
248,Gürcan
249,Gülcan
250,Aycan
251,Asuman
252,Bahar
253,Nehir
254,Damla
255,Yağmur
256,Güneş
257,Yıldız
258,Hilal
259,Melek
260,Peri
261,Ahu
262,Ayşe Hanım
263,Ayşe Teyze
264,Ayşe Abla
265,Ayşe Bacı
266,Fatma Hanım
267,Fatma Teyze
268,Fatma Abla
269,Fatma Bacı
270,Emine Hanım
271,Emine Teyze
272,Emine Abla
273,Emine Bacı
274,Hatice Hanım
275,Hatice Teyze
276,Hatice Abla
277,Hatice Bacı
278,Zeynep Hanım
279,Zeynep Teyze
280,Zeynep Abla
281,Zeynep Bacı
282,Elif Hanım
283,Elif Teyze
284,Elif Abla
285,Elif Bacı
286,Meryem Hanım
287,Meryem Teyze
288,Meryem Abla
289,Meryem Bacı
290,Kezban Hanım
291,Kezban Teyze
292,Kezban Abla
293,Kezban Bacı
294,Döne Hanım
295,Döne Teyze
296,Döne Abla
297,Döne Bacı
298,Fadime Hanım
299,Fadime Teyze
300,Fadime Abla
301,Fadime Bacı
302,Hanife Hanım
303,Hanife Teyze
304,Hanife Abla
305,Hanife Bacı
306,Şerife Hanım
307,Şerife Teyze
308,Şerife Abla
309,Şerife Bacı
310,Gülsüm Hanım
311,Gülsüm Teyze
312,Gülsüm Abla
313,Gülsüm Bacı
314,Dursune Hanım
315,Dursune Teyze
316,Dursune Abla
317,Dursune Bacı
318,Cennet Hanım
319,Cennet Teyze
320,Cennet Abla
321,Cennet Bacı
322,Döndü Hanım
323,Döndü Teyze
324,Döndü Abla
325,Döndü Bacı
326,Yadigar Hanım
327,Yadigar Teyze
328,Yadigar Abla
329,Yadigar Bacı
330,Saliha Hanım
331,Saliha Teyze
332,Saliha Abla
333,Saliha Bacı
334,Müzeyyen Hanım
335,Müzeyyen Teyze
336,Müzeyyen Abla
337,Müzeyyen Bacı
338,Naciye Hanım
339,Naciye Teyze
340,Naciye Abla
341,Naciye Bacı
342,Şaziye Hanım
343,Şaziye Teyze
344,Şaziye Abla
345,Şaziye Bacı
346,Şadiye Hanım
347,Şadiye Teyze
348,Şadiye Abla
349,Şadiye Bacı
350,Mualla Hanım
351,Mualla Teyze
352,Mualla Abla
353,Mualla Bacı
354,Münevver Hanım
355,Münevver Teyze
356,Münevver Abla
357,Münevver Bacı
358,Semiha Hanım
359,Semiha Teyze
360,Semiha Abla
361,Semiha Bacı
362,Bedriye Hanım
363,Bedriye Teyze
364,Bedriye Abla
365,Bedriye Bacı
366,Remziye Hanım
367,Remziye Teyze
368,Remziye Abla
369,Remziye Bacı
370,Makbule Hanım
371,Makbule Teyze
372,Makbule Abla
373,Makbule Bacı
374,Hamide Hanım
375,Hamide Teyze
376,Hamide Abla
377,Hamide Bacı
378,Kadriye Hanım
379,Kadriye Teyze
380,Kadriye Abla
381,Kadriye Bacı
382,Saadet Hanım
383,Saadet Teyze
384,Saadet Abla
385,Saadet Bacı
386,Pakize Hanım
387,Pakize Teyze
388,Pakize Abla
389,Pakize Bacı
390,Safiye Hanım
391,Safiye Teyze
392,Safiye Abla
393,Safiye Bacı
394,Hayriye Hanım
395,Hayriye Teyze
396,Hayriye Abla
397,Hayriye Bacı
398,Nuriye Hanım
399,Nuriye Teyze
400,Nuriye Abla
401,Nuriye Bacı
402,Şükriye Hanım
403,Şükriye Teyze
404,Şükriye Abla
405,Şükriye Bacı
406,Sabriye Hanım
407,Sabriye Teyze
408,Sabriye Abla
409,Sabriye Bacı
410,Fikriye Hanım
411,Fikriye Teyze
412,Fikriye Abla
413,Fikriye Bacı
414,Lütfiye Hanım
415,Lütfiye Teyze
416,Lütfiye Abla
417,Lütfiye Bacı
418,Rukiye Hanım
419,Rukiye Teyze
420,Rukiye Abla
421,Rukiye Bacı
422,Zekiye Hanım
423,Zekiye Teyze
424,Zekiye Abla
425,Zekiye Bacı
426,Necmiye Hanım
427,Necmiye Teyze
428,Necmiye Abla
429,Necmiye Bacı
430,Cemile Hanım
431,Cemile Teyze
432,Cemile Abla
433,Cemile Bacı
434,Vesile Hanım
435,Vesile Teyze
436,Vesile Abla
437,Vesile Bacı
438,Behiye Hanım
439,Behiye Teyze
440,Behiye Abla
441,Behiye Bacı
442,Şevkiye Hanım
443,Şevkiye Teyze
444,Şevkiye Abla
445,Şevkiye Bacı
446,Nazmiye Hanım
447,Nazmiye Teyze
448,Nazmiye Abla
449,Nazmiye Bacı
450,Münire Hanım
451,Münire Teyze
452,Münire Abla
453,Münire Bacı
454,Refika Hanım
455,Refika Teyze
456,Refika Abla
457,Refika Bacı
458,Mediha Hanım
459,Mediha Teyze
460,Mediha Abla
461,Mediha Bacı
462,Çilli Kız
463,Çilli Hanım
464,Küçük Çilli
465,Tatlı Çilli
466,Deli Çilli
467,Usta Çilli
468,Kınalı Kız
469,Kınalı Hanım
470,Küçük Kınalı
471,Tatlı Kınalı
472,Deli Kınalı
473,Usta Kınalı
474,Sarıkız Kız
475,Sarıkız Hanım
476,Küçük Sarıkız
477,Tatlı Sarıkız
478,Deli Sarıkız
479,Usta Sarıkız
480,Pamuk Kız
481,Pamuk Hanım
482,Küçük Pamuk
483,Tatlı Pamuk
484,Deli Pamuk
485,Usta Pamuk
486,Boncuk Kız
487,Boncuk Hanım
488,Küçük Boncuk
489,Tatlı Boncuk
490,Deli Boncuk
491,Usta Boncuk
492,Benekli Kız
493,Benekli Hanım
494,Küçük Benekli
495,Tatlı Benekli
496,Deli Benekli
497,Usta Benekli
498,Paçalı Kız
499,Paçalı Hanım
500,Küçük Paçalı
501,Tatlı Paçalı
502,Deli Paçalı
503,Usta Paçalı
504,Bıdık Kız
505,Bıdık Hanım
506,Küçük Bıdık
507,Tatlı Bıdık
508,Deli Bıdık
509,Usta Bıdık
510,Fındık Kız
511,Fındık Hanım
512,Küçük Fındık
513,Tatlı Fındık
514,Deli Fındık
515,Usta Fındık
516,Gıdak Kız
517,Gıdak Hanım
518,Küçük Gıdak
519,Tatlı Gıdak
520,Deli Gıdak
521,Usta Gıdak
522,Karabaş Kız
523,Karabaş Hanım
524,Küçük Karabaş
525,Tatlı Karabaş
526,Deli Karabaş
527,Usta Karabaş
528,Tombul Kız
529,Tombul Hanım
530,Küçük Tombul
531,Tatlı Tombul
532,Deli Tombul
533,Usta Tombul
534,Çıtır Kız
535,Çıtır Hanım
536,Küçük Çıtır
537,Tatlı Çıtır
538,Deli Çıtır
539,Usta Çıtır
540,Minnoş Kız
541,Minnoş Hanım
542,Küçük Minnoş
543,Tatlı Minnoş
544,Deli Minnoş
545,Usta Minnoş
546,Sultan Kız
547,Sultan Hanım
548,Küçük Sultan
549,Tatlı Sultan
550,Deli Sultan
551,Usta Sultan
552,Nazlı Kız
553,Nazlı Hanım
554,Küçük Nazlı
555,Tatlı Nazlı
556,Deli Nazlı
557,Usta Nazlı
558,Cici Kız
559,Cici Hanım
560,Küçük Cici
561,Tatlı Cici
562,Deli Cici
563,Usta Cici
564,Çipil Kız
565,Çipil Hanım
566,Küçük Çipil
567,Tatlı Çipil
568,Deli Çipil
569,Usta Çipil
570,Kömür Kız
571,Kömür Hanım
572,Küçük Kömür
573,Tatlı Kömür
574,Deli Kömür
575,Usta Kömür
576,Poyraz Kız
577,Poyraz Hanım
578,Küçük Poyraz
579,Tatlı Poyraz
580,Deli Poyraz
581,Usta Poyraz
582,Şirin Kız
583,Şirin Hanım
584,Küçük Şirin
585,Tatlı Şirin
586,Deli Şirin
587,Usta Şirin
588,Lokum Kız
589,Lokum Hanım
590,Küçük Lokum
591,Tatlı Lokum
592,Deli Lokum
593,Usta Lokum
594,Fıstık Kız
595,Fıstık Hanım
596,Küçük Fıstık
597,Tatlı Fıstık
598,Deli Fıstık
599,Usta Fıstık
600,Ceviz Kız
601,Ceviz Hanım
602,Küçük Ceviz
603,Tatlı Ceviz
604,Deli Ceviz
605,Usta Ceviz
606,Zilli Kız
607,Zilli Hanım
608,Küçük Zilli
609,Tatlı Zilli
610,Deli Zilli
611,Usta Zilli
612,Cimcime Kız
613,Cimcime Hanım
614,Küçük Cimcime
615,Tatlı Cimcime
616,Deli Cimcime
617,Usta Cimcime
618,İbikli Kız
619,İbikli Hanım
620,Küçük İbikli
621,Tatlı İbikli
622,Deli İbikli
623,Usta İbikli
624,Yumak Kız
625,Yumak Hanım
626,Küçük Yumak
627,Tatlı Yumak
628,Deli Yumak
629,Usta Yumak
630,Çıtırcık Kız
631,Çıtırcık Hanım
632,Küçük Çıtırcık
633,Tatlı Çıtırcık
634,Deli Çıtırcık
635,Usta Çıtırcık
636,Altınkız Kız
637,Altınkız Hanım
638,Küçük Altınkız
639,Tatlı Altınkız
640,Deli Altınkız
641,Usta Altınkız
642,Gülibik Kız
643,Gülibik Hanım
644,Küçük Gülibik
645,Tatlı Gülibik
646,Deli Gülibik
647,Usta Gülibik
648,Horoz Ali Kız
649,Horoz Ali Hanım
650,Küçük Horoz Ali
651,Tatlı Horoz Ali
652,Deli Horoz Ali
653,Usta Horoz Ali
654,Narin Kız
655,Narin Hanım
656,Küçük Narin
657,Tatlı Narin
658,Deli Narin
659,Usta Narin
660,Boncuklu Kız
661,Boncuklu Hanım
662,Küçük Boncuklu
663,Tatlı Boncuklu
664,Deli Boncuklu
665,Usta Boncuklu
666,Benek Kız
667,Benek Hanım
668,Küçük Benek
669,Tatlı Benek
670,Deli Benek
671,Usta Benek
672,Gıtgıt Kız
673,Gıtgıt Hanım
674,Küçük Gıtgıt
675,Tatlı Gıtgıt
676,Deli Gıtgıt
677,Usta Gıtgıt
678,Pıtır Kız
679,Pıtır Hanım
680,Küçük Pıtır
681,Tatlı Pıtır
682,Deli Pıtır
683,Usta Pıtır
684,Kıvırcık Kız
685,Kıvırcık Hanım
686,Küçük Kıvırcık
687,Tatlı Kıvırcık
688,Deli Kıvırcık
689,Usta Kıvırcık
690,Sarıkafa Kız
691,Sarıkafa Hanım
692,Küçük Sarıkafa
693,Tatlı Sarıkafa
694,Deli Sarıkafa
695,Usta Sarıkafa
696,Paşa Kız
697,Paşa Hanım
698,Küçük Paşa
699,Tatlı Paşa
700,Deli Paşa
701,Usta Paşa
702,Köyün Gülü Çilli
703,Kümesteki Çilli
704,Anaç Çilli
705,Çıtkırıldım Çilli
706,Hanımağa Çilli
707,Becerikli Çilli
708,Uykucu Çilli
709,Obur Çilli
710,Nazlım Çilli
711,Gözde Çilli
712,Köyün Gülü Kınalı
713,Kümesteki Kınalı
714,Anaç Kınalı
715,Çıtkırıldım Kınalı
716,Hanımağa Kınalı
717,Becerikli Kınalı
718,Uykucu Kınalı
719,Obur Kınalı
720,Nazlım Kınalı
721,Gözde Kınalı
722,Köyün Gülü Sarıkız
723,Kümesteki Sarıkız
724,Anaç Sarıkız
725,Çıtkırıldım Sarıkız
726,Hanımağa Sarıkız
727,Becerikli Sarıkız
728,Uykucu Sarıkız
729,Obur Sarıkız
730,Nazlım Sarıkız
731,Gözde Sarıkız
732,Köyün Gülü Pamuk
733,Kümesteki Pamuk
734,Anaç Pamuk
735,Çıtkırıldım Pamuk
736,Hanımağa Pamuk
737,Becerikli Pamuk
738,Uykucu Pamuk
739,Obur Pamuk
740,Nazlım Pamuk
741,Gözde Pamuk
742,Köyün Gülü Boncuk
743,Kümesteki Boncuk
744,Anaç Boncuk
745,Çıtkırıldım Boncuk
746,Hanımağa Boncuk
747,Becerikli Boncuk
748,Uykucu Boncuk
749,Obur Boncuk
750,Nazlım Boncuk
751,Gözde Boncuk
752,Köyün Gülü Benekli
753,Kümesteki Benekli
754,Anaç Benekli
755,Çıtkırıldım Benekli
756,Hanımağa Benekli
757,Becerikli Benekli
758,Uykucu Benekli
759,Obur Benekli
760,Nazlım Benekli
761,Gözde Benekli
762,Köyün Gülü Paçalı
763,Kümesteki Paçalı
764,Anaç Paçalı
765,Çıtkırıldım Paçalı
766,Hanımağa Paçalı
767,Becerikli Paçalı
768,Uykucu Paçalı
769,Obur Paçalı
770,Nazlım Paçalı
771,Gözde Paçalı
772,Köyün Gülü Bıdık
773,Kümesteki Bıdık
774,Anaç Bıdık
775,Çıtkırıldım Bıdık
776,Hanımağa Bıdık
777,Becerikli Bıdık
778,Uykucu Bıdık
779,Obur Bıdık
780,Nazlım Bıdık
781,Gözde Bıdık
782,Köyün Gülü Fındık
783,Kümesteki Fındık
784,Anaç Fındık
785,Çıtkırıldım Fındık
786,Hanımağa Fındık
787,Becerikli Fındık
788,Uykucu Fındık
789,Obur Fındık
790,Nazlım Fındık
791,Gözde Fındık
792,Köyün Gülü Gıdak
793,Kümesteki Gıdak
794,Anaç Gıdak
795,Çıtkırıldım Gıdak
796,Hanımağa Gıdak
797,Becerikli Gıdak
798,Uykucu Gıdak
799,Obur Gıdak
800,Nazlım Gıdak
801,Gözde Gıdak
802,Köyün Gülü Karabaş
803,Kümesteki Karabaş
804,Anaç Karabaş
805,Çıtkırıldım Karabaş
806,Hanımağa Karabaş
807,Becerikli Karabaş
808,Uykucu Karabaş
809,Obur Karabaş
810,Nazlım Karabaş
811,Gözde Karabaş
812,Köyün Gülü Tombul
813,Kümesteki Tombul
814,Anaç Tombul
815,Çıtkırıldım Tombul
816,Hanımağa Tombul
817,Becerikli Tombul
818,Uykucu Tombul
819,Obur Tombul
820,Nazlım Tombul
821,Gözde Tombul
822,Köyün Gülü Çıtır
823,Kümesteki Çıtır
824,Anaç Çıtır
825,Çıtkırıldım Çıtır
826,Hanımağa Çıtır
827,Becerikli Çıtır
828,Uykucu Çıtır
829,Obur Çıtır
830,Nazlım Çıtır
831,Gözde Çıtır
832,Köyün Gülü Minnoş
833,Kümesteki Minnoş
834,Anaç Minnoş
835,Çıtkırıldım Minnoş
836,Hanımağa Minnoş
837,Becerikli Minnoş
838,Uykucu Minnoş
839,Obur Minnoş
840,Nazlım Minnoş
841,Gözde Minnoş
842,Köyün Gülü Sultan
843,Kümesteki Sultan
844,Anaç Sultan
845,Çıtkırıldım Sultan
846,Hanımağa Sultan
847,Becerikli Sultan
848,Uykucu Sultan
849,Obur Sultan
850,Nazlım Sultan
851,Gözde Sultan
852,Köyün Gülü Nazlı
853,Kümesteki Nazlı
854,Anaç Nazlı
855,Çıtkırıldım Nazlı
856,Hanımağa Nazlı
857,Becerikli Nazlı
858,Uykucu Nazlı
859,Obur Nazlı
860,Nazlım Nazlı
861,Gözde Nazlı
862,Köyün Gülü Cici
863,Kümesteki Cici
864,Anaç Cici
865,Çıtkırıldım Cici
866,Hanımağa Cici
867,Becerikli Cici
868,Uykucu Cici
869,Obur Cici
870,Nazlım Cici
871,Gözde Cici
872,Köyün Gülü Çipil
873,Kümesteki Çipil
874,Anaç Çipil
875,Çıtkırıldım Çipil
876,Hanımağa Çipil
877,Becerikli Çipil
878,Uykucu Çipil
879,Obur Çipil
880,Nazlım Çipil
881,Gözde Çipil
882,Köyün Gülü Kömür
883,Kümesteki Kömür
884,Anaç Kömür
885,Çıtkırıldım Kömür
886,Hanımağa Kömür
887,Becerikli Kömür
888,Uykucu Kömür
889,Obur Kömür
890,Nazlım Kömür
891,Gözde Kömür
892,Köyün Gülü Poyraz
893,Kümesteki Poyraz
894,Anaç Poyraz
895,Çıtkırıldım Poyraz
896,Hanımağa Poyraz
897,Becerikli Poyraz
898,Uykucu Poyraz
899,Obur Poyraz
900,Nazlım Poyraz
901,Gözde Poyraz
902,Köyün Gülü Şirin
903,Kümesteki Şirin
904,Anaç Şirin
905,Çıtkırıldım Şirin
906,Hanımağa Şirin
907,Becerikli Şirin
908,Uykucu Şirin
909,Obur Şirin
910,Nazlım Şirin
911,Gözde Şirin
912,Köyün Gülü Lokum
913,Kümesteki Lokum
914,Anaç Lokum
915,Çıtkırıldım Lokum
916,Hanımağa Lokum
917,Becerikli Lokum
918,Uykucu Lokum
919,Obur Lokum
920,Nazlım Lokum
921,Gözde Lokum
922,Köyün Gülü Fıstık
923,Kümesteki Fıstık
924,Anaç Fıstık
925,Çıtkırıldım Fıstık
926,Hanımağa Fıstık
927,Becerikli Fıstık
928,Uykucu Fıstık
929,Obur Fıstık
930,Nazlım Fıstık
931,Gözde Fıstık
932,Köyün Gülü Ceviz
933,Kümesteki Ceviz
934,Anaç Ceviz
935,Çıtkırıldım Ceviz
936,Hanımağa Ceviz
937,Becerikli Ceviz
938,Uykucu Ceviz
939,Obur Ceviz
940,Nazlım Ceviz
941,Gözde Ceviz
942,Köyün Gülü Zilli
943,Kümesteki Zilli
944,Anaç Zilli
945,Çıtkırıldım Zilli
946,Hanımağa Zilli
947,Becerikli Zilli
948,Uykucu Zilli
949,Obur Zilli
950,Nazlım Zilli
951,Gözde Zilli
952,Köyün Gülü Cimcime
953,Kümesteki Cimcime
954,Anaç Cimcime
955,Çıtkırıldım Cimcime
956,Hanımağa Cimcime
957,Becerikli Cimcime
958,Uykucu Cimcime
959,Obur Cimcime
960,Nazlım Cimcime
961,Gözde Cimcime
962,Köyün Gülü İbikli
963,Kümesteki İbikli
964,Anaç İbikli
965,Çıtkırıldım İbikli
966,Hanımağa İbikli
967,Becerikli İbikli
968,Uykucu İbikli
969,Obur İbikli
970,Nazlım İbikli
971,Gözde İbikli
972,Köyün Gülü Yumak
973,Kümesteki Yumak
974,Anaç Yumak
975,Çıtkırıldım Yumak
976,Hanımağa Yumak
977,Becerikli Yumak
978,Uykucu Yumak
979,Obur Yumak
980,Nazlım Yumak
981,Gözde Yumak
982,Köyün Gülü Çıtırcık
983,Kümesteki Çıtırcık
984,Anaç Çıtırcık
985,Çıtkırıldım Çıtırcık
986,Hanımağa Çıtırcık
987,Becerikli Çıtırcık
988,Uykucu Çıtırcık
989,Obur Çıtırcık
990,Nazlım Çıtırcık
991,Gözde Çıtırcık
992,Köyün Gülü Altınkız
993,Kümesteki Altınkız
994,Anaç Altınkız
995,Çıtkırıldım Altınkız
996,Hanımağa Altınkız
997,Becerikli Altınkız
998,Uykucu Altınkız
999,Obur Altınkız
1000,Nazlım Altınkız
1001,Gözde Altınkız
1002,Kınalı 1
1003,Sarıkız 1
1004,Pamuk 1
1005,Boncuk 1
1006,Benekli 1
1007,Paçalı 1
1008,Bıdık 1
1009,Fındık 1
1010,Gıdak 1
1011,Karabaş 1
1012,Tombul 1
1013,Çıtır 1
1014,Minnoş 1
1015,Sultan 1
1016,Nazlı 1
1017,Cici 1
1018,Çipil 1
1019,Kömür 1
1020,Poyraz 1
1021,Şirin 1
1022,Lokum 1
1023,Fıstık 1
1024,Ceviz 1
1025,Zilli 1
1026,Cimcime 1
1027,İbikli 1
1028,Yumak 1
1029,Çıtırcık 1
1030,Altınkız 1
1031,Gülibik 1
1032,Horoz Ali 1
1033,Narin 1
1034,Boncuklu 1
1035,Benek 1
1036,Gıtgıt 1
1037,Pıtır 1
1038,Kıvırcık 1
1039,Sarıkafa 1
1040,Paşa 1
1041,Zeytin 1
1042,Mercimek 1
1043,Susam 1
1044,Tarçın 1
1045,Badem 1
1046,Şeker 1
1047,Reçel 1
1048,Bal 1
1049,Kaymak 1
1050,Süslü 1
1051,Maya 1
1052,Çörek 1
1053,Kekik 1
1054,Nane 1
1055,Papatya 1
1056,Menekşe 1
1057,Lale 1
1058,Gül 1
1059,İnci 1
1060,Dudu 1
1061,Pekmez 1
1062,Kayısı 1
1063,Erik 1
1064,Kiraz 1
1065,Çilek 1
1066,Şeftali 1
1067,İncir 1
1068,Üzüm 1
1069,Dut 1
1070,Nar 1
1071,Limon 1
1072,Ayva 1
1073,Elma 1
1074,Armut 1
1075,Vişne 1
1076,Kestane 1
1077,Fırtına 1
1078,Rüzgar 1
1079,Şimşek 1
1080,Duman 1
1081,Barut 1
1082,Cesur 1
1083,Yaman 1
1084,Dadaş 1
1085,Reis 1
1086,Yiğit 1
1087,Çavuş 1
1088,Kaptan 1
1089,Efendi 1
1090,Tosun 1
1091,Pala 1
1092,Bıyıklı 1
1093,Gakguk 1
1094,Tepeli 1
1095,Beyaz İnci 1
1096,Sütlaç 1
1097,Kadayıf 1
1098,Muhallebi 1
1099,Börek 1
1100,Poğaça 1
1101,Simit 1
1102,Ayran 1
1103,Yoğurt 1
1104,Sümbül 1
1105,Kardelen 1
1106,Yonca 1
1107,Çimen 1
1108,Yaprak 1
1109,Petek 1
1110,Ballı 1
1111,Karamel 1
1112,Gofret 1
1113,Mantar 1
1114,Zıpzıp 1
1115,Pıtpıt 1
1116,Topik 1
1117,Fırfır 1
1118,Çıtçıt 1
1119,Tontiş 1
1120,Ponçik 1
1121,Mırnav 1
1122,Gagalı 1
1123,Sarıgaga 1
1124,Tüylü 1
1125,Tüybıyık 1
1126,Akbacak 1
1127,Karagöz 1
1128,Sürmeli 1
1129,Nazarlık 1
1130,Çilli 2
1131,Kınalı 2
1132,Sarıkız 2
1133,Pamuk 2
1134,Boncuk 2
1135,Benekli 2
1136,Paçalı 2
1137,Bıdık 2
1138,Fındık 2
1139,Gıdak 2
1140,Karabaş 2
1141,Tombul 2
1142,Çıtır 2
1143,Minnoş 2
1144,Sultan 2
1145,Nazlı 2
1146,Cici 2
1147,Çipil 2
1148,Kömür 2
1149,Poyraz 2
1150,Şirin 2
1151,Lokum 2
1152,Fıstık 2
1153,Ceviz 2
1154,Zilli 2
1155,Cimcime 2
1156,İbikli 2
1157,Yumak 2
1158,Çıtırcık 2
1159,Altınkız 2
1160,Gülibik 2
1161,Horoz Ali 2
1162,Narin 2
1163,Boncuklu 2
1164,Benek 2
1165,Gıtgıt 2
1166,Pıtır 2
1167,Kıvırcık 2
1168,Sarıkafa 2
1169,Paşa 2
1170,Zeytin 2
1171,Mercimek 2
1172,Susam 2
1173,Tarçın 2
1174,Badem 2
1175,Şeker 2
1176,Reçel 2
1177,Bal 2
1178,Kaymak 2
1179,Süslü 2
1180,Maya 2
1181,Çörek 2
1182,Kekik 2
1183,Nane 2
1184,Papatya 2
1185,Menekşe 2
1186,Lale 2
1187,Gül 2
1188,İnci 2
1189,Dudu 2
1190,Pekmez 2
1191,Kayısı 2
1192,Erik 2
1193,Kiraz 2
1194,Çilek 2
1195,Şeftali 2
1196,İncir 2
1197,Üzüm 2
1198,Dut 2
1199,Nar 2
1200,Limon 2
1201,Ayva 2
1202,Elma 2
1203,Armut 2
1204,Vişne 2
1205,Kestane 2
1206,Fırtına 2
1207,Rüzgar 2
1208,Şimşek 2
1209,Duman 2
1210,Barut 2
1211,Cesur 2
1212,Yaman 2
1213,Dadaş 2
1214,Reis 2
1215,Yiğit 2
1216,Çavuş 2
1217,Kaptan 2
1218,Efendi 2
1219,Tosun 2
1220,Pala 2
1221,Bıyıklı 2
1222,Gakguk 2
1223,Tepeli 2
1224,Beyaz İnci 2
1225,Sütlaç 2
1226,Kadayıf 2
1227,Muhallebi 2
1228,Börek 2
1229,Poğaça 2
1230,Simit 2
1231,Ayran 2
1232,Yoğurt 2
1233,Sümbül 2
1234,Kardelen 2
1235,Yonca 2
1236,Çimen 2
1237,Yaprak 2
1238,Petek 2
1239,Ballı 2
1240,Karamel 2
1241,Gofret 2
1242,Mantar 2
1243,Zıpzıp 2
1244,Pıtpıt 2
1245,Topik 2
1246,Fırfır 2
1247,Çıtçıt 2
1248,Tontiş 2
1249,Ponçik 2
1250,Mırnav 2
1251,Gagalı 2
1252,Sarıgaga 2
1253,Tüylü 2
1254,Tüybıyık 2
1255,Akbacak 2
1256,Karagöz 2
1257,Sürmeli 2
1258,Nazarlık 2
1259,Çilli 3
1260,Kınalı 3
1261,Sarıkız 3
1262,Pamuk 3
1263,Boncuk 3
1264,Benekli 3
1265,Paçalı 3
1266,Bıdık 3
1267,Fındık 3
1268,Gıdak 3
1269,Karabaş 3
1270,Tombul 3
1271,Çıtır 3
1272,Minnoş 3
1273,Sultan 3
1274,Nazlı 3
1275,Cici 3
1276,Çipil 3
1277,Kömür 3
1278,Poyraz 3
1279,Şirin 3
1280,Lokum 3
1281,Fıstık 3
1282,Ceviz 3
1283,Zilli 3
1284,Cimcime 3
1285,İbikli 3
1286,Yumak 3
1287,Çıtırcık 3
1288,Altınkız 3
1289,Gülibik 3
1290,Horoz Ali 3
1291,Narin 3
1292,Boncuklu 3
1293,Benek 3
1294,Gıtgıt 3
1295,Pıtır 3
1296,Kıvırcık 3
1297,Sarıkafa 3
1298,Paşa 3
1299,Zeytin 3
1300,Mercimek 3
1301,Susam 3
1302,Tarçın 3
1303,Badem 3
1304,Şeker 3
1305,Reçel 3
1306,Bal 3
1307,Kaymak 3
1308,Süslü 3
1309,Maya 3
1310,Çörek 3
1311,Kekik 3
1312,Nane 3
1313,Papatya 3
1314,Menekşe 3
1315,Lale 3
1316,Gül 3
1317,İnci 3
1318,Dudu 3
1319,Pekmez 3
1320,Kayısı 3
1321,Erik 3
1322,Kiraz 3
1323,Çilek 3
1324,Şeftali 3
1325,İncir 3
1326,Üzüm 3
1327,Dut 3
1328,Nar 3
1329,Limon 3
1330,Ayva 3
1331,Elma 3
1332,Armut 3
1333,Vişne 3
1334,Kestane 3
1335,Fırtına 3
1336,Rüzgar 3
1337,Şimşek 3
1338,Duman 3
1339,Barut 3
1340,Cesur 3
1341,Yaman 3
1342,Dadaş 3
1343,Reis 3
1344,Yiğit 3
1345,Çavuş 3
1346,Kaptan 3
1347,Efendi 3
1348,Tosun 3
1349,Pala 3
1350,Bıyıklı 3
1351,Gakguk 3
1352,Tepeli 3
1353,Beyaz İnci 3
1354,Sütlaç 3
1355,Kadayıf 3
1356,Muhallebi 3
1357,Börek 3
1358,Poğaça 3
1359,Simit 3
1360,Ayran 3
1361,Yoğurt 3
1362,Sümbül 3
1363,Kardelen 3
1364,Yonca 3
1365,Çimen 3
1366,Yaprak 3
1367,Petek 3
1368,Ballı 3
1369,Karamel 3
1370,Gofret 3
1371,Mantar 3
1372,Zıpzıp 3
1373,Pıtpıt 3
1374,Topik 3
1375,Fırfır 3
1376,Çıtçıt 3
1377,Tontiş 3
1378,Ponçik 3
1379,Mırnav 3
1380,Gagalı 3
1381,Sarıgaga 3
1382,Tüylü 3
1383,Tüybıyık 3
1384,Akbacak 3
1385,Karagöz 3
1386,Sürmeli 3
1387,Nazarlık 3
1388,Çilli 4
1389,Kınalı 4
1390,Sarıkız 4
1391,Pamuk 4
1392,Boncuk 4
1393,Benekli 4
1394,Paçalı 4
1395,Bıdık 4
1396,Fındık 4
1397,Gıdak 4
1398,Karabaş 4
1399,Tombul 4
1400,Çıtır 4
1401,Minnoş 4
1402,Sultan 4
1403,Nazlı 4
1404,Cici 4
1405,Çipil 4
1406,Kömür 4
1407,Poyraz 4
1408,Şirin 4
1409,Lokum 4
1410,Fıstık 4
1411,Ceviz 4
1412,Zilli 4
1413,Cimcime 4
1414,İbikli 4
1415,Yumak 4
1416,Çıtırcık 4
1417,Altınkız 4
1418,Gülibik 4
1419,Horoz Ali 4
1420,Narin 4
1421,Boncuklu 4
1422,Benek 4
1423,Gıtgıt 4
1424,Pıtır 4
1425,Kıvırcık 4
1426,Sarıkafa 4
1427,Paşa 4
1428,Zeytin 4
1429,Mercimek 4
1430,Susam 4
1431,Tarçın 4
1432,Badem 4
1433,Şeker 4
1434,Reçel 4
1435,Bal 4
1436,Kaymak 4
1437,Süslü 4
1438,Maya 4
1439,Çörek 4
1440,Kekik 4
1441,Nane 4
1442,Papatya 4
1443,Menekşe 4
1444,Lale 4
1445,Gül 4
1446,İnci 4
1447,Dudu 4
1448,Pekmez 4
1449,Kayısı 4
1450,Erik 4
1451,Kiraz 4
1452,Çilek 4
1453,Şeftali 4
1454,İncir 4
1455,Üzüm 4
1456,Dut 4
1457,Nar 4
1458,Limon 4
1459,Ayva 4
1460,Elma 4
1461,Armut 4
1462,Vişne 4
1463,Kestane 4
1464,Fırtına 4
1465,Rüzgar 4
1466,Şimşek 4
1467,Duman 4
1468,Barut 4
1469,Cesur 4
1470,Yaman 4
1471,Dadaş 4
1472,Reis 4
1473,Yiğit 4
1474,Çavuş 4
1475,Kaptan 4
1476,Efendi 4
1477,Tosun 4
1478,Pala 4
1479,Bıyıklı 4
1480,Gakguk 4
1481,Tepeli 4
1482,Beyaz İnci 4
1483,Sütlaç 4
1484,Kadayıf 4
1485,Muhallebi 4
1486,Börek 4
1487,Poğaça 4
1488,Simit 4
1489,Ayran 4
1490,Yoğurt 4
1491,Sümbül 4
1492,Kardelen 4
1493,Yonca 4
1494,Çimen 4
1495,Yaprak 4
1496,Petek 4
1497,Ballı 4
1498,Karamel 4
1499,Gofret 4
1500,Mantar 4
1501,Zıpzıp 4
1502,Pıtpıt 4
1503,Topik 4
1504,Fırfır 4
1505,Çıtçıt 4
1506,Tontiş 4
1507,Ponçik 4
1508,Mırnav 4
1509,Gagalı 4
1510,Sarıgaga 4
1511,Tüylü 4
1512,Tüybıyık 4
1513,Akbacak 4
1514,Karagöz 4
1515,Sürmeli 4
1516,Nazarlık 4
1517,Çilli 5
1518,Kınalı 5
1519,Sarıkız 5
1520,Pamuk 5
1521,Boncuk 5
1522,Benekli 5
1523,Paçalı 5
1524,Bıdık 5
1525,Fındık 5
1526,Gıdak 5
1527,Karabaş 5
1528,Tombul 5
1529,Çıtır 5
1530,Minnoş 5
1531,Sultan 5
1532,Nazlı 5
1533,Cici 5
1534,Çipil 5
1535,Kömür 5
1536,Poyraz 5
1537,Şirin 5
1538,Lokum 5
1539,Fıstık 5
1540,Ceviz 5
1541,Zilli 5
1542,Cimcime 5
1543,İbikli 5
1544,Yumak 5
1545,Çıtırcık 5
1546,Altınkız 5
1547,Gülibik 5
1548,Horoz Ali 5
1549,Narin 5
1550,Boncuklu 5
1551,Benek 5
1552,Gıtgıt 5
1553,Pıtır 5
1554,Kıvırcık 5
1555,Sarıkafa 5
1556,Paşa 5
1557,Zeytin 5
1558,Mercimek 5
1559,Susam 5
1560,Tarçın 5
1561,Badem 5
1562,Şeker 5
1563,Reçel 5
1564,Bal 5
1565,Kaymak 5
1566,Süslü 5
1567,Maya 5
1568,Çörek 5
1569,Kekik 5
1570,Nane 5
1571,Papatya 5
1572,Menekşe 5
1573,Lale 5
1574,Gül 5
1575,İnci 5
1576,Dudu 5
1577,Pekmez 5
1578,Kayısı 5
1579,Erik 5
1580,Kiraz 5
1581,Çilek 5
1582,Şeftali 5
1583,İncir 5
1584,Üzüm 5
1585,Dut 5
1586,Nar 5
1587,Limon 5
1588,Ayva 5
1589,Elma 5
1590,Armut 5
1591,Vişne 5
1592,Kestane 5
1593,Fırtına 5
1594,Rüzgar 5
1595,Şimşek 5
1596,Duman 5
1597,Barut 5
1598,Cesur 5
1599,Yaman 5
1600,Dadaş 5
1601,Reis 5
1602,Yiğit 5
1603,Çavuş 5
1604,Kaptan 5
1605,Efendi 5
1606,Tosun 5
1607,Pala 5
1608,Bıyıklı 5
1609,Gakguk 5
1610,Tepeli 5
1611,Beyaz İnci 5
1612,Sütlaç 5
1613,Kadayıf 5
1614,Muhallebi 5
1615,Börek 5
1616,Poğaça 5
1617,Simit 5
1618,Ayran 5
1619,Yoğurt 5
1620,Sümbül 5
1621,Kardelen 5
1622,Yonca 5
1623,Çimen 5
1624,Yaprak 5
1625,Petek 5
1626,Ballı 5
1627,Karamel 5
1628,Gofret 5
1629,Mantar 5
1630,Zıpzıp 5
1631,Pıtpıt 5
1632,Topik 5
1633,Fırfır 5
1634,Çıtçıt 5
1635,Tontiş 5
1636,Ponçik 5
1637,Mırnav 5
1638,Gagalı 5
1639,Sarıgaga 5
1640,Tüylü 5
1641,Tüybıyık 5
1642,Akbacak 5
1643,Karagöz 5
1644,Sürmeli 5
1645,Nazarlık 5
1646,Çilli 6
1647,Kınalı 6
1648,Sarıkız 6
1649,Pamuk 6
1650,Boncuk 6
1651,Benekli 6
1652,Paçalı 6
1653,Bıdık 6
1654,Fındık 6
1655,Gıdak 6
1656,Karabaş 6
1657,Tombul 6
1658,Çıtır 6
1659,Minnoş 6
1660,Sultan 6
1661,Nazlı 6
1662,Cici 6
1663,Çipil 6
1664,Kömür 6
1665,Poyraz 6
1666,Şirin 6
1667,Lokum 6
1668,Fıstık 6
1669,Ceviz 6
1670,Zilli 6
1671,Cimcime 6
1672,İbikli 6
1673,Yumak 6
1674,Çıtırcık 6
1675,Altınkız 6
1676,Gülibik 6
1677,Horoz Ali 6
1678,Narin 6
1679,Boncuklu 6
1680,Benek 6
1681,Gıtgıt 6
1682,Pıtır 6
1683,Kıvırcık 6
1684,Sarıkafa 6
1685,Paşa 6
1686,Zeytin 6
1687,Mercimek 6
1688,Susam 6
1689,Tarçın 6
1690,Badem 6
1691,Şeker 6
1692,Reçel 6
1693,Bal 6
1694,Kaymak 6
1695,Süslü 6
1696,Maya 6
1697,Çörek 6
1698,Kekik 6
1699,Nane 6
1700,Papatya 6
1701,Menekşe 6
1702,Lale 6
1703,Gül 6
1704,İnci 6
1705,Dudu 6
1706,Pekmez 6
1707,Kayısı 6
1708,Erik 6
1709,Kiraz 6
1710,Çilek 6
1711,Şeftali 6
1712,İncir 6
1713,Üzüm 6
1714,Dut 6
1715,Nar 6
1716,Limon 6
1717,Ayva 6
1718,Elma 6
1719,Armut 6
1720,Vişne 6
1721,Kestane 6
1722,Fırtına 6
1723,Rüzgar 6
1724,Şimşek 6
1725,Duman 6
1726,Barut 6
1727,Cesur 6
1728,Yaman 6
1729,Dadaş 6
1730,Reis 6
1731,Yiğit 6
1732,Çavuş 6
1733,Kaptan 6
1734,Efendi 6
1735,Tosun 6
1736,Pala 6
1737,Bıyıklı 6
1738,Gakguk 6
1739,Tepeli 6
1740,Beyaz İnci 6
1741,Sütlaç 6
1742,Kadayıf 6
1743,Muhallebi 6
1744,Börek 6
1745,Poğaça 6
1746,Simit 6
1747,Ayran 6
1748,Yoğurt 6
1749,Sümbül 6
1750,Kardelen 6
1751,Yonca 6
1752,Çimen 6
1753,Yaprak 6
1754,Petek 6
1755,Ballı 6
1756,Karamel 6
1757,Gofret 6
1758,Mantar 6
1759,Zıpzıp 6
1760,Pıtpıt 6
1761,Topik 6
1762,Fırfır 6
1763,Çıtçıt 6
1764,Tontiş 6
1765,Ponçik 6
1766,Mırnav 6
1767,Gagalı 6
1768,Sarıgaga 6
1769,Tüylü 6
1770,Tüybıyık 6
1771,Akbacak 6
1772,Karagöz 6
1773,Sürmeli 6
1774,Nazarlık 6
1775,Çilli 7
1776,Kınalı 7
1777,Sarıkız 7
1778,Pamuk 7
1779,Boncuk 7
1780,Benekli 7
1781,Paçalı 7
1782,Bıdık 7
1783,Fındık 7
1784,Gıdak 7
1785,Karabaş 7
1786,Tombul 7
1787,Çıtır 7
1788,Minnoş 7
1789,Sultan 7
1790,Nazlı 7
1791,Cici 7
1792,Çipil 7
1793,Kömür 7
1794,Poyraz 7
1795,Şirin 7
1796,Lokum 7
1797,Fıstık 7
1798,Ceviz 7
1799,Zilli 7
1800,Cimcime 7
1801,İbikli 7
1802,Yumak 7
1803,Çıtırcık 7
1804,Altınkız 7
1805,Gülibik 7
1806,Horoz Ali 7
1807,Narin 7
1808,Boncuklu 7
1809,Benek 7
1810,Gıtgıt 7
1811,Pıtır 7
1812,Kıvırcık 7
1813,Sarıkafa 7
1814,Paşa 7
1815,Zeytin 7
1816,Mercimek 7
1817,Susam 7
1818,Tarçın 7
1819,Badem 7
1820,Şeker 7
1821,Reçel 7
1822,Bal 7
1823,Kaymak 7
1824,Süslü 7
1825,Maya 7
1826,Çörek 7
1827,Kekik 7
1828,Nane 7
1829,Papatya 7
1830,Menekşe 7
1831,Lale 7
1832,Gül 7
1833,İnci 7
1834,Dudu 7
1835,Pekmez 7
1836,Kayısı 7
1837,Erik 7
1838,Kiraz 7
1839,Çilek 7
1840,Şeftali 7
1841,İncir 7
1842,Üzüm 7
1843,Dut 7
1844,Nar 7
1845,Limon 7
1846,Ayva 7
1847,Elma 7
1848,Armut 7
1849,Vişne 7
1850,Kestane 7
1851,Fırtına 7
1852,Rüzgar 7
1853,Şimşek 7
1854,Duman 7
1855,Barut 7
1856,Cesur 7
1857,Yaman 7
1858,Dadaş 7
1859,Reis 7
1860,Yiğit 7
1861,Çavuş 7
1862,Kaptan 7
1863,Efendi 7
1864,Tosun 7
1865,Pala 7
1866,Bıyıklı 7
1867,Gakguk 7
1868,Tepeli 7
1869,Beyaz İnci 7
1870,Sütlaç 7
1871,Kadayıf 7
1872,Muhallebi 7
1873,Börek 7
1874,Poğaça 7
1875,Simit 7
1876,Ayran 7
1877,Yoğurt 7
1878,Sümbül 7
1879,Kardelen 7
1880,Yonca 7
1881,Çimen 7
1882,Yaprak 7
1883,Petek 7
1884,Ballı 7
1885,Karamel 7
1886,Gofret 7
1887,Mantar 7
1888,Zıpzıp 7
1889,Pıtpıt 7
1890,Topik 7
1891,Fırfır 7
1892,Çıtçıt 7
1893,Tontiş 7
1894,Ponçik 7
1895,Mırnav 7
1896,Gagalı 7
1897,Sarıgaga 7
1898,Tüylü 7
1899,Tüybıyık 7
1900,Akbacak 7
1901,Karagöz 7
1902,Sürmeli 7
1903,Nazarlık 7
1904,Çilli 8
1905,Kınalı 8
1906,Sarıkız 8
1907,Pamuk 8
1908,Boncuk 8
1909,Benekli 8
1910,Paçalı 8
1911,Bıdık 8
1912,Fındık 8
1913,Gıdak 8
1914,Karabaş 8
1915,Tombul 8
1916,Çıtır 8
1917,Minnoş 8
1918,Sultan 8
1919,Nazlı 8
1920,Cici 8
1921,Çipil 8
1922,Kömür 8
1923,Poyraz 8
1924,Şirin 8
1925,Lokum 8
1926,Fıstık 8
1927,Ceviz 8
1928,Zilli 8
1929,Cimcime 8
1930,İbikli 8
1931,Yumak 8
1932,Çıtırcık 8
1933,Altınkız 8
1934,Gülibik 8
1935,Horoz Ali 8
1936,Narin 8
1937,Boncuklu 8
1938,Benek 8
1939,Gıtgıt 8
1940,Pıtır 8
1941,Kıvırcık 8
1942,Sarıkafa 8
1943,Paşa 8
1944,Zeytin 8
1945,Mercimek 8
1946,Susam 8
1947,Tarçın 8
1948,Badem 8
1949,Şeker 8
1950,Reçel 8
1951,Bal 8
1952,Kaymak 8
1953,Süslü 8
1954,Maya 8
1955,Çörek 8
1956,Kekik 8
1957,Nane 8
1958,Papatya 8
1959,Menekşe 8
1960,Lale 8
1961,Gül 8
1962,İnci 8
1963,Dudu 8
1964,Pekmez 8
1965,Kayısı 8
1966,Erik 8
1967,Kiraz 8
1968,Çilek 8
1969,Şeftali 8
1970,İncir 8
1971,Üzüm 8
1972,Dut 8
1973,Nar 8
1974,Limon 8
1975,Ayva 8
1976,Elma 8
1977,Armut 8
1978,Vişne 8
1979,Kestane 8
1980,Fırtına 8
1981,Rüzgar 8
1982,Şimşek 8
1983,Duman 8
1984,Barut 8
1985,Cesur 8
1986,Yaman 8
1987,Dadaş 8
1988,Reis 8
1989,Yiğit 8
1990,Çavuş 8
1991,Kaptan 8
1992,Efendi 8
1993,Tosun 8
1994,Pala 8
1995,Bıyıklı 8
1996,Gakguk 8
1997,Tepeli 8
1998,Beyaz İnci 8
1999,Sütlaç 8
2000,Kadayıf 8
2001,Muhallebi 8
2002,Börek 8
2003,Poğaça 8
2004,Simit 8
2005,Ayran 8
2006,Yoğurt 8
2007,Sümbül 8
2008,Kardelen 8
2009,Yonca 8
2010,Çimen 8
2011,Yaprak 8
2012,Petek 8
2013,Ballı 8
2014,Karamel 8
2015,Gofret 8
2016,Mantar 8
2017,Zıpzıp 8
2018,Pıtpıt 8
2019,Topik 8
2020,Fırfır 8
2021,Çıtçıt 8
2022,Tontiş 8
2023,Ponçik 8
2024,Mırnav 8
2025,Gagalı 8
2026,Sarıgaga 8
2027,Tüylü 8
2028,Tüybıyık 8
2029,Akbacak 8
2030,Karagöz 8
2031,Sürmeli 8
2032,Nazarlık 8
2033,Çilli 9
2034,Kınalı 9
2035,Sarıkız 9
2036,Pamuk 9
2037,Boncuk 9
2038,Benekli 9
2039,Paçalı 9
2040,Bıdık 9
2041,Fındık 9
2042,Gıdak 9
2043,Karabaş 9
2044,Tombul 9
2045,Çıtır 9
2046,Minnoş 9
2047,Sultan 9
2048,Nazlı 9
2049,Cici 9
2050,Çipil 9
2051,Kömür 9
2052,Poyraz 9
2053,Şirin 9
2054,Lokum 9
2055,Fıstık 9
2056,Ceviz 9
2057,Zilli 9
2058,Cimcime 9
2059,İbikli 9
2060,Yumak 9
2061,Çıtırcık 9
2062,Altınkız 9
2063,Gülibik 9
2064,Horoz Ali 9
2065,Narin 9
2066,Boncuklu 9
2067,Benek 9
2068,Gıtgıt 9
2069,Pıtır 9
2070,Kıvırcık 9
2071,Sarıkafa 9
2072,Paşa 9
2073,Zeytin 9
2074,Mercimek 9
2075,Susam 9
2076,Tarçın 9
2077,Badem 9
2078,Şeker 9
2079,Reçel 9
2080,Bal 9
2081,Kaymak 9
2082,Süslü 9
2083,Maya 9
2084,Çörek 9
2085,Kekik 9
2086,Nane 9
2087,Papatya 9
2088,Menekşe 9
2089,Lale 9
2090,Gül 9
2091,İnci 9
2092,Dudu 9
2093,Pekmez 9
2094,Kayısı 9
2095,Erik 9
2096,Kiraz 9
2097,Çilek 9
2098,Şeftali 9
2099,İncir 9
2100,Üzüm 9
2101,Dut 9
2102,Nar 9
2103,Limon 9
2104,Ayva 9
2105,Elma 9
2106,Armut 9
2107,Vişne 9
2108,Kestane 9
2109,Fırtına 9
2110,Rüzgar 9
2111,Şimşek 9
2112,Duman 9
2113,Barut 9
2114,Cesur 9
2115,Yaman 9
2116,Dadaş 9
2117,Reis 9
2118,Yiğit 9
2119,Çavuş 9
2120,Kaptan 9
2121,Efendi 9
2122,Tosun 9
2123,Pala 9
2124,Bıyıklı 9
2125,Gakguk 9
2126,Tepeli 9
2127,Beyaz İnci 9
2128,Sütlaç 9
2129,Kadayıf 9
2130,Muhallebi 9
2131,Börek 9
2132,Poğaça 9
2133,Simit 9
2134,Ayran 9
2135,Yoğurt 9
2136,Sümbül 9
2137,Kardelen 9
2138,Yonca 9
2139,Çimen 9
2140,Yaprak 9
2141,Petek 9
2142,Ballı 9
2143,Karamel 9
2144,Gofret 9
2145,Mantar 9
2146,Zıpzıp 9
2147,Pıtpıt 9
2148,Topik 9
2149,Fırfır 9
2150,Çıtçıt 9
2151,Tontiş 9
2152,Ponçik 9
2153,Mırnav 9
2154,Gagalı 9
2155,Sarıgaga 9
2156,Tüylü 9
2157,Tüybıyık 9
2158,Akbacak 9
2159,Karagöz 9
2160,Sürmeli 9
2161,Nazarlık 9
2162,Çilli 10
2163,Kınalı 10
2164,Sarıkız 10
2165,Pamuk 10
2166,Boncuk 10
2167,Benekli 10
2168,Paçalı 10
2169,Bıdık 10
2170,Fındık 10
2171,Gıdak 10
2172,Karabaş 10
2173,Tombul 10
2174,Çıtır 10
2175,Minnoş 10
2176,Sultan 10
2177,Nazlı 10
2178,Cici 10
2179,Çipil 10
2180,Kömür 10
2181,Poyraz 10
2182,Şirin 10
2183,Lokum 10
2184,Fıstık 10
2185,Ceviz 10
2186,Zilli 10
2187,Cimcime 10
2188,İbikli 10
2189,Yumak 10
2190,Çıtırcık 10
2191,Altınkız 10
2192,Gülibik 10
2193,Horoz Ali 10
2194,Narin 10
2195,Boncuklu 10
2196,Benek 10
2197,Gıtgıt 10
2198,Pıtır 10
2199,Kıvırcık 10
2200,Sarıkafa 10
2201,Paşa 10
2202,Zeytin 10
2203,Mercimek 10
2204,Susam 10
2205,Tarçın 10
2206,Badem 10
2207,Şeker 10
2208,Reçel 10
2209,Bal 10
2210,Kaymak 10
2211,Süslü 10
2212,Maya 10
2213,Çörek 10
2214,Kekik 10
2215,Nane 10
2216,Papatya 10
2217,Menekşe 10
2218,Lale 10
2219,Gül 10
2220,İnci 10
2221,Dudu 10
2222,Pekmez 10
2223,Kayısı 10
2224,Erik 10
2225,Kiraz 10
2226,Çilek 10
2227,Şeftali 10
2228,İncir 10
2229,Üzüm 10
2230,Dut 10
2231,Nar 10
2232,Limon 10
2233,Ayva 10
2234,Elma 10
2235,Armut 10
2236,Vişne 10
2237,Kestane 10
2238,Fırtına 10
2239,Rüzgar 10
2240,Şimşek 10
2241,Duman 10
2242,Barut 10
2243,Cesur 10
2244,Yaman 10
2245,Dadaş 10
2246,Reis 10
2247,Yiğit 10
2248,Çavuş 10
2249,Kaptan 10
2250,Efendi 10
2251,Tosun 10
2252,Pala 10
2253,Bıyıklı 10
2254,Gakguk 10
2255,Tepeli 10
2256,Beyaz İnci 10
2257,Sütlaç 10
2258,Kadayıf 10
2259,Muhallebi 10
2260,Börek 10
2261,Poğaça 10
2262,Simit 10
2263,Ayran 10
2264,Yoğurt 10
2265,Sümbül 10
2266,Kardelen 10
2267,Yonca 10
2268,Çimen 10
2269,Yaprak 10
2270,Petek 10
2271,Ballı 10
2272,Karamel 10
2273,Gofret 10
2274,Mantar 10
2275,Zıpzıp 10
2276,Pıtpıt 10
2277,Topik 10
2278,Fırfır 10
2279,Çıtçıt 10
2280,Tontiş 10
2281,Ponçik 10
2282,Mırnav 10
2283,Gagalı 10
2284,Sarıgaga 10
2285,Tüylü 10
2286,Tüybıyık 10
2287,Akbacak 10
2288,Karagöz 10
2289,Sürmeli 10
2290,Nazarlık 10
2291,Çilli 11
2292,Kınalı 11
2293,Sarıkız 11
2294,Pamuk 11
2295,Boncuk 11
2296,Benekli 11
2297,Paçalı 11
2298,Bıdık 11
2299,Fındık 11
2300,Gıdak 11
2301,Karabaş 11
2302,Tombul 11
2303,Çıtır 11
2304,Minnoş 11
2305,Sultan 11
2306,Nazlı 11
2307,Cici 11
2308,Çipil 11
2309,Kömür 11
2310,Poyraz 11
2311,Şirin 11
2312,Lokum 11
2313,Fıstık 11
2314,Ceviz 11
2315,Zilli 11
2316,Cimcime 11
2317,İbikli 11
2318,Yumak 11
2319,Çıtırcık 11
2320,Altınkız 11
2321,Gülibik 11
2322,Horoz Ali 11
2323,Narin 11
2324,Boncuklu 11
2325,Benek 11
2326,Gıtgıt 11
2327,Pıtır 11
2328,Kıvırcık 11
2329,Sarıkafa 11
2330,Paşa 11
2331,Zeytin 11
2332,Mercimek 11
2333,Susam 11
2334,Tarçın 11
2335,Badem 11
2336,Şeker 11
2337,Reçel 11
2338,Bal 11
2339,Kaymak 11
2340,Süslü 11
2341,Maya 11
2342,Çörek 11
2343,Kekik 11
2344,Nane 11
2345,Papatya 11
2346,Menekşe 11
2347,Lale 11
2348,Gül 11
2349,İnci 11
2350,Dudu 11
2351,Pekmez 11
2352,Kayısı 11
2353,Erik 11
2354,Kiraz 11
2355,Çilek 11
2356,Şeftali 11
2357,İncir 11
2358,Üzüm 11
2359,Dut 11
2360,Nar 11
2361,Limon 11
2362,Ayva 11
2363,Elma 11
2364,Armut 11
2365,Vişne 11
2366,Kestane 11
2367,Fırtına 11
2368,Rüzgar 11
2369,Şimşek 11
2370,Duman 11
2371,Barut 11
2372,Cesur 11
2373,Yaman 11
2374,Dadaş 11
2375,Reis 11
2376,Yiğit 11
2377,Çavuş 11
2378,Kaptan 11
2379,Efendi 11
2380,Tosun 11
2381,Pala 11
2382,Bıyıklı 11
2383,Gakguk 11
2384,Tepeli 11
2385,Beyaz İnci 11
2386,Sütlaç 11
2387,Kadayıf 11
2388,Muhallebi 11
2389,Börek 11
2390,Poğaça 11
2391,Simit 11
2392,Ayran 11
2393,Yoğurt 11
2394,Sümbül 11
2395,Kardelen 11
2396,Yonca 11
2397,Çimen 11
2398,Yaprak 11
2399,Petek 11
2400,Ballı 11
2401,Karamel 11
2402,Gofret 11
2403,Mantar 11
2404,Zıpzıp 11
2405,Pıtpıt 11
2406,Topik 11
2407,Fırfır 11
2408,Çıtçıt 11
2409,Tontiş 11
2410,Ponçik 11
2411,Mırnav 11
2412,Gagalı 11
2413,Sarıgaga 11
2414,Tüylü 11
2415,Tüybıyık 11
2416,Akbacak 11
2417,Karagöz 11
2418,Sürmeli 11
2419,Nazarlık 11
2420,Çilli 12
2421,Kınalı 12
2422,Sarıkız 12
2423,Pamuk 12
2424,Boncuk 12
2425,Benekli 12
2426,Paçalı 12
2427,Bıdık 12
2428,Fındık 12
2429,Gıdak 12
2430,Karabaş 12
2431,Tombul 12
2432,Çıtır 12
2433,Minnoş 12
2434,Sultan 12
2435,Nazlı 12
2436,Cici 12
2437,Çipil 12
2438,Kömür 12
2439,Poyraz 12
2440,Şirin 12
2441,Lokum 12
2442,Fıstık 12
2443,Ceviz 12
2444,Zilli 12
2445,Cimcime 12
2446,İbikli 12
2447,Yumak 12
2448,Çıtırcık 12
2449,Altınkız 12
2450,Gülibik 12
2451,Horoz Ali 12
2452,Narin 12
2453,Boncuklu 12
2454,Benek 12
2455,Gıtgıt 12
2456,Pıtır 12
2457,Kıvırcık 12
2458,Sarıkafa 12
2459,Paşa 12
2460,Zeytin 12
2461,Mercimek 12
2462,Susam 12
2463,Tarçın 12
2464,Badem 12
2465,Şeker 12
2466,Reçel 12
2467,Bal 12
2468,Kaymak 12
2469,Süslü 12
2470,Maya 12
2471,Çörek 12
2472,Kekik 12
2473,Nane 12
2474,Papatya 12
2475,Menekşe 12
2476,Lale 12
2477,Gül 12
2478,İnci 12
2479,Dudu 12
2480,Pekmez 12
2481,Kayısı 12
2482,Erik 12
2483,Kiraz 12
2484,Çilek 12
2485,Şeftali 12
2486,İncir 12
2487,Üzüm 12
2488,Dut 12
2489,Nar 12
2490,Limon 12
2491,Ayva 12
2492,Elma 12
2493,Armut 12
2494,Vişne 12
2495,Kestane 12
2496,Fırtına 12
2497,Rüzgar 12
2498,Şimşek 12
2499,Duman 12
2500,Barut 12